,businessname,ratingvalue,structural,hygiene,confidenceinmanagement,ratingdate,latitude,longitude
423922,1 West Road,Pass,,,,2012-08-03,55.955284,-2.792551
423923,1650 Coffee Shop,Pass,,,,2013-08-30,56.001623,-2.516023
423924,1875,Pass,,,,2013-09-27,55.931316,-3.073077
423925,2nd Haddington Scouts Group,Pass,,,,2010-08-24,55.952757,-2.781578
423926,5B Catering,Pass,,,,2015-02-10,55.977433,-2.900915
423927,A And J McDowall Ltd,Pass,,,,2014-01-30,55.999605,-2.808033
423928,A G Ices,Pass,,,,2014-04-11,,
423929,A Horsburgh Bed and Breakfast,Pass,,,,2013-02-26,55.936196,-2.944651
423930,A M Hogg (Confectioner),Pass,,,,2015-02-03,55.902161,-2.745582
423931,A S Gardner & Sons,Pass,,,,2014-01-07,55.943899,-2.952524
423932,A S Services,Pass,,,,2013-12-17,55.935353,-3.071828
423933,A S Services,Pass,,,,2012-06-26,55.972398,-2.952696
423934,A S Services,Pass,,,,2013-12-17,55.972398,-2.952696
423935,Abbey Church,Pass,,,,2013-02-05,56.058385,-2.721007
423936,Abbey Residential Nursing Home,Pass,,,,2014-04-14,56.056266,-2.729895
423937,Abbeyfield (East Linton) Society Ltd,Pass,,,,2014-08-18,55.987568,-2.658073
423938,Abbeyfield (Scotland) Ltd,Pass,,,,2015-02-09,55.954499,-2.778938
423939,Abbeyfield Scotland Ltd,Pass,,,,2010-08-10,55.998895,-2.51294
423940,Abbeyfield Scotland Ltd,Pass,,,,2014-10-23,56.059412,-2.737261
423941,Aberlady Bowling Club,Pass,,,,2005-04-05,56.007816,-2.866404
423942,Aberlady Community Hall,Pass,,,,2013-05-21,56.009985,-2.859556
423943,Aberlady Kirk Stables,Pass,,,,2012-11-30,56.008366,-2.863562
423944,Aberlady Post Office,Pass,,,,2008-05-06,56.00967,-2.858379
423945,Aberlady Primary School Nursery Class,Pass,,,,2014-05-15,56.007373,-2.864309
423946,Aberlour Childcare Trust,Pass,,,,2014-06-04,55.955584,-2.996263
423947,Adamwood Nursing Home,Pass,,,,2014-07-03,55.946179,-3.022233
423948,Adniston Manor,Pass,,,,2010-07-07,55.945192,-2.914657
423949,Adriano's Food Bar,Pass,,,,2014-05-27,56.003167,-2.51638
423950,Aitken Pharmacy,Pass,,,,2011-09-29,56.001555,-2.515108
423951,Alandas,Pass,,,,2014-04-03,55.958125,-2.989761
423952,Alandas Scottish Seafood Grill (Mobile Unit),Pass,,,,2014-11-07,,
423953,Aldi Stores Ltd,Pass,,,,2014-07-01,55.942188,-3.068014
423954,Aldi Stores Ltd,Pass,,,,2014-01-08,55.954417,-2.764779
423955,Alison Cargill House,Pass,,,,2014-04-23,55.955912,-2.637805
423956,Alistair Pullar,Pass,,,,2013-08-18,55.998836,-2.732644
423957,Aliz Takeaway,Improvement Required,,,,2013-01-30,55.944805,-2.954964
423958,Alliance Pharmacy,Pass,,,,2008-07-31,55.94371,-3.060322
423959,Anchorage Bed and Breakfast,Pass,,,,2009-06-09,55.971588,-2.957499
423960,Andersons Quality Butchers,Pass,,,,2014-10-30,56.058688,-2.718347
423961,Andrew Johnston,Pass,,,,2013-10-24,,
423962,Angies Takeaway,Pass,,,,2015-01-30,56.002373,-2.517011
423963,Aramark Catering,Pass,,,,2013-07-31,55.961518,-2.401779
423964,Archerfield  Golf Club,Pass,,,,2014-06-11,56.0222930908,-2.68106341362
423965,Archerfield Walled Garden,Pass,,,,2014-10-30,56.044934,-2.80264
423966,Arden House,Pass,,,,2012-06-19,55.945437,-3.03893
423967,Argyle Bridge Children's Nursery,Pass,,,,2014-04-15,55.944919,-2.956504
423968,Asda Stores,Pass,,,,2014-11-18,55.989507,-2.510443
423969,Astley House,Pass,,,,2014-03-20,56.05834,-2.733194
423970,Athelstaneford Primary School Nursery Class,Pass,,,,2014-01-14,55.986991,-2.748064
423971,Athelstaneford Village Hall,Pass,,,,2011-01-28,56.0222930908,-2.68106341362
423972,Aubigny Sports Centre,Pass,,,,2013-12-17,55.951652,-2.780178
423973,Audrey's Snack Bar,Pass,,,,2015-02-04,55.953965,-2.422151
423974,Auld Brig Tavern,Pass,,,,2013-04-09,55.941312,-3.058079
423975,Auld Hoose,Pass,,,,2012-10-04,56.059047,-2.718498
423976,Avenue Restaurant,Pass,,,,2013-02-28,55.955484,-2.779487
423977,Aviator Cafe,Pass,,,,2014-05-30,55.995234,-2.72347
423978,Aytoun Butchers,Pass,,,,2015-01-06,55.942769,-3.048465
423979,Azure Catering Support Services Ltd,Pass,,,,2013-09-04,55.920525,-2.935373
423980,B & M Retail Limited,Pass,,,,2014-09-16,55.942862,-3.050212
423981,Baguette Express,Pass,,,,2013-10-08,55.942506,-3.051868
423982,Baguette Express,Pass,,,,2014-01-15,55.955933,-2.778134
423983,Baguette Express,Pass,,,,2015-01-27,55.944321,-2.952551
423984,Ballencrieff Rare Pedigree Pigs,Pass,,,,2014-11-05,55.992618,-2.82783
423985,Ballencrieff Rare Pedigree Pigs,Pass,,,,2012-09-29,55.955168,-2.782571
423986,Bankhouse Catering,Pass,,,,2014-12-05,55.998621,-2.574969
423987,Bankhouse Catering,Pass,,,,2014-11-21,55.980475,-2.472777
423988,Bankton Pharmacy,Pass,,,,2013-02-08,55.957459,-2.969579
423989,Bay Horse,Pass,,,,2013-10-16,55.955817,-2.775089
423990,Bayne's Bakers,Pass,,,,2014-06-05,55.94371,-3.060322
423991,Bayne's Bakers,Pass,,,,2013-02-04,55.959143,-2.984966
423992,Bayne's Bakers,Pass,,,,2014-05-06,55.955199,-2.777639
423993,Bayne's Bakers,Pass,,,,2014-06-23,55.942769,-3.048465
423994,Bayswell Park Hotel,Improvement Required,,,,2014-01-29,56.004164,-2.522679
423995,Bed And Breakfast,Exempt,,,,2014-04-02,55.943374,-3.057575
423996,Belhaven Fruit Farm Trailer,Pass,,,,2013-05-09,55.989886,-2.56769
423997,Belhaven Hill School,Pass,,,,2013-05-15,56.000738,-2.535925
423998,Belhaven Hospital,Pass,,,,2014-04-15,55.995838,-2.536691
423999,Belhaven Hotel,Pass,,,,2010-07-08,56.058379,-2.726627
424000,Belhaven Nursing Home,Pass,,,,2014-04-15,55.995838,-2.536691
424001,Belhaven Parish Church,Pass,,,,2013-02-19,56.000782,-2.531901
424002,Belhaven Smokehouse Ltd,Pass,,,,2008-10-10,55.989886,-2.56769
424003,Belhaven Smokehouse Ltd,Pass,,,,2011-08-27,55.955168,-2.782571
424004,Bell Fine,Pass,,,,2011-09-30,56.003167,-2.51638
424005,Bella Italia Restaurante,Pass,,,,2014-11-18,56.058688,-2.718347
424006,Bene's Fish And Chips,Pass,,,,2013-11-18,55.971876,-2.952859
424007,Best One,Pass,,,,2012-08-24,55.958125,-2.989761
424008,Best-One,Pass,,,,2013-09-23,55.942862,-3.050212
424009,Betty's,Pass,,,,2013-07-31,55.955182,-2.775989
424010,Bield Housing Association Ltd,Pass,,,,2013-12-13,55.943283,-3.061848
424011,Bield Housing Association Ltd,Pass,,,,2014-04-16,55.958758,-2.978036
424012,Bistro @ the Brunton,Pass,,,,2014-07-01,55.943899,-3.057157
424013,Black Bull,Pass,,,,2014-05-06,56.001623,-2.516023
424014,Blair Hall (Orange Lodge Meeting Place) LOL228,Pass,,,,2013-03-11,55.942911,-2.944287
424015,Boardside Cafe,Improvement Required,,,,2013-07-30,55.998621,-2.574969
424016,Boggs Community Hall,Pass,,,,2014-10-23,55.925587,-2.886301
424017,Bolton Village Hall,Improvement Required,,,,2012-05-28,55.920896,-2.790025
424018,Boots,Pass,,,,2005-12-07,55.942138,-3.05181
424019,Boots The Chemist,Pass,,,,2004-12-01,55.955199,-2.777639
424020,Boots The Chemists,Pass,,,,2004-11-02,56.058489,-2.720093
424021,Bostock Bakery,Pass,,,,2014-11-25,56.022859,-2.791176
424022,Braeside Apiaries,Pass,,,,2011-08-27,55.955168,-2.782571
424023,Breadline Bakery,Improvement Required,,,,2014-03-19,55.936594,-3.06341
424024,Briarneuk Nurseries,Pass,,,,2011-08-27,55.955168,-2.782571
424025,Brigadoon Restaurant,Improvement Required,,,,2013-12-06,55.944776,-2.957525
424026,Broxmouth Park,Pass,,,,2013-09-06,55.9896,-2.489831
424027,Brunchbox,Pass,,,,2014-07-04,,
424028,Brunton Court Sheltered Housing,Pass,,,,2013-11-19,55.943927,-3.0549
424029,Brunton Theatre,Pass,,,,2013-03-19,55.943899,-3.057157
424030,Burger Van,Improvement Required,,,,2012-02-26,55.998836,-2.732644
424031,Burgh After School Club,Pass,,,,2013-06-04,55.942184,-3.049666
424032,Burgh Cafe,Pass,,,,2014-05-20,55.942769,-3.048465
424033,Burgh Primary School Nursery Class,Pass,,,,2014-08-27,55.942184,-3.049666
424034,By Pass Service Station,Pass,,,,2014-06-16,55.961416,-2.776386
424035,Cafe 2U - Edinburgh South,Pass,,,,2014-03-20,,
424036,CafÃ© Continental,Pass,,,,2013-05-05,55.998836,-2.732644
424037,CafÃ© in the Lodge,Pass,,,,2013-07-25,,
424038,CafÃ© on the Corner,Pass,,,,2014-04-04,55.942606,-3.047548
424039,Cake,Pass,,,,2014-01-24,56.057979,-2.721256
424040,Caledonian Cupcakes,Pass,,,,2014-09-24,56.001555,-2.515108
424041,Caledonian Foods,Pass,,,,2010-04-18,55.998836,-2.732644
424042,Camperdown Nursery,Pass,,,,2014-07-01,55.958343,-2.987204
424043,Campie After School Club,Pass,,,,2013-11-07,55.941566,-3.064106
424044,Campie Nursery Class,Pass,,,,2013-10-14,55.941566,-3.064106
424045,Canton Express,Pass,,,,2015-01-29,55.944565,-2.95467
424046,Canty Bay House,Pass,,,,2012-02-29,56.057924,-2.663944
424047,Caprice,Pass,,,,2014-02-26,55.941897,-3.053725
424048,Caprice 2 Go,Pass,,,,2014-02-26,55.94121,-3.053242
424049,Carberry,Pass,,,,2011-03-29,55.916735,-3.01893
424050,Carberry Residential,Pass,,,,2014-02-26,55.916735,-3.01893
424051,Carberry Tower,Pass,,,,2015-02-03,55.9167366028,-3.01892971992
424052,Careys,Pass,,,,2013-08-18,55.998836,-2.732644
424053,Careys Bistro,Pass,,,,2013-08-18,55.998836,-2.732644
424054,Carfrae Farmhouse,Pass,,,,2008-02-05,55.9146499634,-2.68038702011
424055,Carriage House,Pass,,,,2013-09-04,56.0222930908,-2.68106341362
424056,Castle Catering,Pass,,,,2014-12-16,56.003167,-2.51638
424057,Castle Hotel,Pass,,,,2014-04-02,56.003167,-2.51638
424058,Castle Park Golf Club,Pass,,,,2012-06-14,55.880449,-2.720517
424059,Castlepark Bowling Club,Pass,,,,2015-01-22,55.956275,-2.979559
424060,Cath's Cupcakes,Pass,,,,2009-08-05,56.054879,-2.733482
424061,"Cathy Caven, Bed and Breakfast",Pass,,,,2013-01-22,55.943154,-3.056016
424062,Central CafÃ©,Improvement Required,,,,2014-03-25,56.002222,-2.516608
424063,Centrale,Pass,,,,2013-06-14,55.956081,-2.776023
424064,Chalmers Memorial Church,Pass,,,,2013-02-20,55.969946,-2.959541
424065,Charles River Laboratories,Pass,,,,2014-10-20,55.928343,-2.953903
424066,Charlie's,Pass,,,,2013-10-22,56.058176,-2.719831
424067,Cheesee Peasee Fromagerie,Pass,,,,2013-04-12,,
424068,Chens Chinese & Thai Takeaway,Pass,,,,2014-05-07,55.957459,-2.969579
424069,Cherrytrees Children's Nursery,Pass,,,,2015-01-29,56.000018,-2.515072
424070,"China Garden, 4 Mitchells Close",Pass,,,,2014-04-28,55.956313,-2.77763
424071,Chris Percy-Davis,Pass,,,,2014-02-10,56.003261,-2.515323
424072,Church Of Christ,Pass,,,,2012-03-16,55.945159,-2.954509
424073,Clark Bros Fish Merchants,Pass,,,,2013-04-12,55.944642,-3.065776
424074,Clubhouse,Pass,,,,2011-07-05,55.944077,-3.060444
424075,Coach And Horses,Pass,,,,2011-02-15,55.942512,-3.050107
424076,Coalgate,Pass,,,,2015-01-13,55.912537,-2.939996
424077,Cockenzie & Port Seton Bowling And Recreation Club,Pass,,,,2014-05-27,55.970602,-2.951498
424078,Cockenzie & Port Seton Community Centre,Pass,,,,2014-03-12,55.969019,-2.950498
424079,Cockenzie & Port Seton Nursery Class,Improvement Required,,,,2014-09-17,55.968819,-2.957687
424080,Cockenzie & Port Seton Royal British Legion,Pass,,,,2014-02-05,,
424081,Cockenzie After School Club,Pass,,,,2013-05-02,55.968819,-2.957687
424082,Cockenzie House And Gardens Tea Room,Pass,,,,2013-07-26,55.969465,-2.963679
424083,Cockenzie Methodist Church,Pass,,,,2012-11-30,55.968808,-2.96496
424084,Cockenzie Newsagent,Pass,,,,2014-07-08,55.969465,-2.963679
424085,Coffee Lounge,Pass,,,,2013-10-08,55.943706,-2.950726
424086,Colin D Peat And Son,Pass,,,,2015-02-10,55.955484,-2.779487
424087,Colstoun House,Pass,,,,2013-05-16,55.930336,-2.77927
424088,Common Thread Ltd,Pass,,,,2013-12-19,55.928343,-2.953903
424089,Community Cafe,Pass,,,,2014-02-13,55.944061,-3.022978
424090,Compass Group UK & Ireland,Pass,,,,2014-03-19,55.94083,-3.062917
424091,Compass School,Pass,,,,2014-05-12,55.955284,-2.792551
424092,Convenience Store,Pass,,,,2013-01-25,55.944776,-2.957525
424093,Cools,Pass,,,,2012-11-22,56.03501,-2.831707
424094,Co-operative Foodstore,Pass,,,,2014-05-06,56.052367,-2.706621
424095,Co-operative Foodstore,Pass,,,,2013-08-21,56.057954,-2.722428
424096,Co-operative Pharmacy,Pass,,,,2012-08-30,55.944229,-3.058399
424097,Co-operative Pharmacy,Pass,,,,2012-06-11,55.97192,-2.947092
424098,Coriander,Pass,,,,2013-11-18,56.02286,-2.791176
424099,Corn Exchange/Lunch Club,Improvement Required,,,,2013-11-15,55.955168,-2.782571
424100,Costa,Pass,,,,2014-05-21,55.942512,-3.050107
424101,Costa Coffee,Pass,,,,2014-04-23,55.957121,-2.777726
424102,Country Refreshments,Pass,,,,2013-12-12,55.945787,-3.043262
424103,Craig House,Pass,,,,2013-11-11,55.925588,-3.034798
424104,Craig Wood Catering Ltd,Pass,,,,2014-04-24,56.034724,-2.828844
424105,Craigielaw Golf Club,Pass,,,,2013-06-28,56.0222930908,-2.68106341362
424106,Crauchie Farmhouse Bed and Breakfast,Pass,,,,2011-07-19,55.991481,-2.688389
424107,Crolla's Italian Kitchen & Restaurant,Pass,,,,2014-08-21,55.938441,-3.059634
424108,Crookston Care Facility,Pass,,,,2014-11-27,55.946958,-2.953128
424109,Cucina Amore,Pass,,,,2015-01-14,56.059017,-2.717405
424110,D & D Gay  Gays Fish Shop,Pass,,,,2013-06-14,55.942184,-3.049666
424111,D & D Gay Fishmongers,Pass,,,,2014-08-25,55.98348,-2.887268
424112,D & D Gay Fishmongers,Pass,,,,2014-08-25,55.98348,-2.887268
424113,D J Malcolm,Pass,,,,2013-08-01,55.98702,-2.656381
424114,Dalrymple Service Station,Pass,,,,2014-01-06,56.055258,-2.74672
424115,David Haddow,Pass,,,,2009-11-10,,
424116,David Hogarth,Pass,,,,2011-04-06,,
424117,David Macbeth Moir,Pass,,,,2013-10-07,55.943374,-3.057575
424118,Day to Day,Pass,,,,2014-02-04,55.944229,-3.058399
424119,Day To Day,Pass,,,,2014-11-25,55.936758,-3.01627
424120,Day-Today,Pass,,,,2014-12-10,55.944565,-2.95467
424121,Day-Today,Pass,,,,2013-09-25,55.955587,-2.776013
424122,Delta Fry,Pass,,,,2014-02-17,55.941367,-3.022794
424123,Diggorys,Pass,,,,2014-09-23,55.955574,-2.777951
424124,Dino's Takeaway,Pass,,,,2014-05-06,55.955182,-2.775989
424125,Dirleton Castle Shop,Pass,,,,2010-06-02,56.048645,-2.783035
424126,Dirleton Church,Pass,,,,2012-01-13,56.047959,-2.783454
424127,Dirleton Gallery Cafe,Pass,,,,2014-02-20,56.048645,-2.783035
424128,Dirleton Grocers,Pass,,,,2014-07-07,56.047451,-2.775706
424129,Doddington Dairy,Pass,,,,2012-01-28,55.955168,-2.782571
424130,Dolphin Inn,Pass,,,,2010-10-29,56.000297,-2.512895
424131,Dominos Pizza,Pass,,,,2014-10-22,55.944077,-3.060444
424132,Doran's Fishmongers,Pass,,,,2014-09-16,,
424133,Dragon Way,Pass,,,,2014-01-21,55.912621,-2.940878
424134,Dragon Way,Pass,,,,2014-04-30,55.942862,-3.050212
424135,Dragon Way Restaurant,Pass,,,,2013-11-26,55.972083,-2.951663
424136,Dragons Way,Pass,,,,2013-11-25,55.957084,-2.992938
424137,Drem Farmhouse Bed And Breakfast,Pass,,,,2010-06-11,56.006216,-2.787596
424138,Drews Diner,Pass,,,,2010-01-12,55.939839,-2.956875
424139,Drummohr Caravan Park,Pass,,,,2008-08-18,55.949579,-3.007606
424140,Drummohr Care Home - HC-One,Pass,,,,2014-05-14,55.938265,-3.016565
424141,Duffys Snack Shack,Pass,,,,2013-09-10,56.029705,-2.78156
424142,Dunbar Bowling Club,Pass,,,,2013-10-25,55.998895,-2.51294
424143,Dunbar Community Bakery,Pass,,,,2014-04-16,56.001623,-2.516023
424144,Dunbar Day Centre,Pass,,,,2013-04-04,56.0222930908,-2.68106341362
424145,Dunbar Garden Centre,Pass,,,,2013-09-25,55.989507,-2.510443
424146,Dunbar News,Pass,,,,2014-03-10,56.001555,-2.515108
424147,Dunbar Nursery Class,Improvement Required,,,,2013-11-28,55.999971,-2.524162
424148,Dunbar Pound Store,Pass,,,,2014-02-14,56.001623,-2.516023
424149,Dunbar Royal British Legion,Pass,,,,2014-01-28,56.003167,-2.51638
424150,Duncan Gay Fishmongers,Pass,,,,2014-08-25,55.98348,-2.887268
424151,Dunglass Estate Events,Pass,,,,2012-05-24,55.939719,-2.376692
424152,Dynasty,Improvement Required,,,,2014-03-06,55.944077,-3.060444
424153,Eagle Inn,Pass,,,,2010-10-01,56.001555,-2.515108
424154,Earth Matters,Pass,,,,2014-07-21,56.058385,-2.721007
424155,East Linton After School Club,Pass,,,,2013-03-05,55.987568,-2.658073
424156,East Linton Bowling Club,Pass,,,,2010-09-27,55.98636,-2.657123
424157,East Linton Community Hall,Pass,,,,2013-04-02,55.988162,-2.657811
424158,East Linton Primary School Nursery Class,Pass,,,,2014-09-02,55.987568,-2.658073
424159,East Lothian Co-op Employees Bowling & Social Club,Pass,,,,2014-10-22,55.940286,-2.947953
424160,East Lothian Portable Paella,Pass,,,,2013-07-29,,
424161,East Lothian Roots & Fruits,Pass,,,,2015-01-13,55.952482,-2.978567
424162,East Lothian Roots & Fruits Y554 DSF,Pass,,,,2009-12-22,55.952482,-2.978567
424163,East Lothian Yacht Club,Pass,,,,2013-06-29,56.02736,-2.724314
424164,East Saltoun Nursery School,Pass,,,,2010-08-31,56.0222930908,-2.68106341362
424165,Eastern Eye Restaurant,Pass,,,,2011-10-06,55.955676,-2.77459
424166,Eco-nomical Village Store,Pass,,,,2015-01-28,55.899957,-2.839449
424167,Eddies,Pass,,,,2011-02-14,55.935293,-3.016263
424168,Eden Hotel,Improvement Required,,,,2014-08-28,56.001041,-2.521964
424169,Edington Cottage Hospital,Pass,,,,2013-03-27,56.05548,-2.716826
424170,Edward Collin,Pass,,,,2012-02-26,55.998836,-2.732644
424171,ELCAP,Pass,,,,2011-11-14,55.944565,-2.95467
424172,Elena Di Rollo-White,Pass,,,,2013-08-16,55.943374,-3.057575
424173,Elphinstone Arms,Pass,,,,2014-02-21,55.921723,-2.967518
424174,Elphinstone Community Centre,Pass,,,,2011-03-16,55.921062,-2.969358
424175,Elphinstone Miners Welfare Charitable Society,Pass,,,,2013-07-22,55.921815,-2.966096
424176,Elphinstone Primary School Nursery Class,Pass,,,,2014-03-31,55.921062,-2.969358
424177,Elphinstone Village Shop,Pass,,,,2013-12-23,55.921723,-2.967518
424178,Emmaus Guest House,Pass,,,,2012-03-28,55.997813,-2.507379
424179,Enjoy Leisure,Pass,,,,2014-12-18,56.004742,-2.517828
424180,Enjoy Leisure,Pass,,,,2014-07-15,56.052669,-2.722811
424181,Ericas,Pass,,,,2013-04-17,55.955182,-2.775989
424182,Eskgreen Residential Home,Pass,,,,2013-09-25,55.942918,-3.050982
424183,Eskmills Bowling Club,Pass,,,,2013-04-24,55.939655,-3.058547
424184,Eskside Pharmacy,Pass,,,,2014-09-24,55.942453,-3.052859
424185,Eskview Wines,Pass,,,,2013-10-04,55.936902,-3.063114
424186,Espresso Black,Pass,,,,2014-05-12,56.003167,-2.51638
424187,F Houghton,Pass,,,,2010-12-16,56.001536,-2.523782
424188,F Houghton Catering,Pass,,,,2013-08-18,55.998836,-2.732644
424189,F Houghton Catering,Pass,,,,2012-09-30,55.998836,-2.732644
424190,Facilities Management,Pass,,,,2013-08-26,55.954518,-2.78014
424191,Facilities Management at Aberlady Primary School,Pass,,,,2014-06-16,56.007373,-2.864309
424192,Facilities Management at Athelstaneford Primary School,Pass,,,,2013-06-05,56.0222930908,-2.68106341362
424193,Facilities Management At Burgh Primary School,Pass,,,,2014-05-14,55.942184,-3.049666
424194,Facilities Management At Campie Primary School,Pass,,,,2013-10-14,55.941566,-3.064106
424195,Facilities Management at Cockenzie & Port Seton Primary School,Pass,,,,2014-09-01,55.968819,-2.957687
424196,Facilities Management at Dirleton Primary School,Pass,,,,2014-08-25,56.0222930908,-2.68106341362
424197,Facilities Management at Dunbar Grammar School,Pass,,,,2014-06-17,55.999757,-2.53224
424198,Facilities Management at Dunbar Primary School,Pass,,,,2014-01-16,55.999971,-2.524162
424199,Facilities Management at Dunbar Primary School,Pass,,,,2014-06-17,55.996242,-2.52852
424200,Facilities Management at East Linton Primary School,Pass,,,,2014-05-26,55.987568,-2.658073
424201,Facilities Management At Elphinstone Primary School,Pass,,,,2014-08-25,56.0222930908,-2.68106341362
424202,Facilities Management at Gullane Primary School,Pass,,,,2013-11-05,56.034371,-2.825209
424203,Facilities Management at Haddington Joint Campus,Pass,,,,2014-10-01,55.952757,-2.781578
424204,Facilities Management at Humbie Primary School,Pass,,,,2010-06-29,56.0222930908,-2.68106341362
424205,Facilities Management at Innerwick Primary School,Pass,,,,2014-03-26,55.958707,-2.448198
424206,Facilities Management at Kings Meadow Primary School,Pass,,,,2014-06-19,55.954518,-2.78014
424207,Facilities Management at Knox Academy,Pass,,,,2015-01-14,55.953269,-2.787289
424208,Facilities Management at Law Primary School,Pass,,,,2014-01-16,56.0222930908,-2.68106341362
424209,Facilities Management at Longniddry Primary School,Pass,,,,2014-05-29,55.976046,-2.891525
424210,Facilities Management At Loretto R C School,Pass,,,,2014-09-04,55.942606,-3.047548
424211,Facilities Management At Macmerry Primary School,Pass,,,,2014-06-24,55.941663,-2.909466
424212,Facilities Management At Musselburgh Grammar School,Pass,,,,2013-11-11,55.93868,-3.050595
424213,Facilities Management at North Berwick High School,Pass,,,,2014-03-27,56.052669,-2.722811
424214,Facilities Management At Ormiston Primary School,Pass,,,,2014-03-10,56.0222930908,-2.68106341362
424215,Facilities Management At Pencaitland Primary School,Pass,,,,2014-06-18,56.0222930908,-2.68106341362
424216,Facilities Management At Pinkie St Peters Primary,Pass,,,,2014-08-25,55.941936,-3.038644
424217,Facilities Management At Preston Lodge High School,Pass,,,,2013-10-24,55.958652,-2.970938
424218,Facilities Management At Prestonpans Infant School,Pass,,,,2014-09-01,56.0222930908,-2.68106341362
424219,Facilities Management At Prestonpans Primary School,Pass,,,,2013-06-17,55.955113,-2.976503
424220,Facilities Management At Ross High School,Pass,,,,2013-11-28,55.943301,-2.951981
424221,Facilities Management at Saltoun Primary School,Pass,,,,2012-12-10,56.0222930908,-2.68106341362
424222,Facilities Management at Sandersons Wynd Primary School,Pass,,,,2015-02-03,55.946958,-2.953128
424223,Facilities Management At St Gabriels R C School,Pass,,,,2014-05-01,55.95513,-2.983454
424224,Facilities Management At St Martins Primary School,Pass,,,,2014-06-03,55.943287,-2.947882
424225,Facilities Management at Stenton Primary School,Pass,,,,2013-11-28,56.0222930908,-2.68106341362
424226,Facilities Management At Stoneyhill Primary School,Pass,,,,2013-11-18,55.937659,-3.072196
424227,Facilities Management At Wallyford Primary School,Pass,,,,2013-05-23,55.938098,-3.012847
424228,Facilities Management at West Barns Primary School,Pass,,,,2013-01-15,55.994474,-2.548616
424229,Facilities Management At Whitecraig Primary School,Pass,,,,2014-05-21,55.919637,-3.038239
424230,Facilities Management At Windygoul Primary School,Pass,,,,2015-02-09,55.937453,-2.952974
424231,Facilities Management at Yester Primary School,Pass,,,,2013-02-21,55.902067,-2.740174
424232,Falko Konditormeister LLP,Pass,,,,2013-11-25,56.03501,-2.831707
424233,Fame Newsagents,Pass,,,,2013-04-18,55.944077,-3.060444
424234,Farmfoods,Pass,,,,2014-07-08,55.942453,-3.052859
424235,Farmfoods,Improvement Required,,,,2014-07-24,55.943353,-2.951086
424236,Fa'side Lodge,Pass,,,,2014-04-17,55.945159,-2.954509
424237,Faussetthill Bed and Breakfast,Pass,,,,2013-03-14,56.036956,-2.825569
424238,Fenton Barns Nursery,Pass,,,,2014-08-12,56.026992,-2.784297
424239,Fenton Barns Shop & CafÃ©,Pass,,,,2013-10-02,56.026992,-2.784297
424240,Fenton Tower,Pass,,,,2014-02-06,56.03058,-2.735716
424241,Fidra Care Home,Pass,,,,2014-02-19,56.054953,-2.740741
424242,Findlays Ltd,Pass,,,,2009-01-21,55.968801,-2.573052
424243,Fine Wine Company,Pass,,,,2014-07-01,55.943661,-3.047112
424244,First Step Community Project,Improvement Required,,,,2014-03-14,55.941662,-3.026244
424245,Fisher Pharmacy,Pass,,,,2011-10-27,56.033977,-2.834445
424246,Fisherrow Community Nursery,Pass,,,,2014-02-20,55.94337,-3.059064
424247,Fisherrow Newsagents,Pass,,,,2013-05-21,55.94371,-3.060322
424248,Fisherrow Yacht Club,Pass,,,,2014-03-11,55.945085,-3.064475
424249,Fletcher Hall,Pass,,,,2013-04-15,55.902784,-2.843908
424250,Florabank Home Ltd,Pass,,,,2013-08-16,55.959926,-2.780393
424251,Focus Take Away,Pass,,,,2014-03-05,55.94371,-3.060322
424252,Food For Thought,Pass,,,,2014-07-16,55.955676,-2.77459
424253,Friends of Tynepark,Pass,,,,2012-06-28,55.951807,-2.774144
424254,Fry 'N' Wok,Pass,,,,2014-10-01,55.936758,-3.01627
424255,Function Hall & Bar,Pass,,,,2013-08-05,55.98508,-2.561625
424256,G A Blockley,Pass,,,,2010-09-12,55.998836,-2.732644
424257,G C Catering at Royal Musselburgh,Pass,,,,2014-04-09,55.952375,-2.99642
424258,G H Event Catering,Pass,,,,2013-11-26,55.938441,-3.059634
424259,Gannetsâ Deli,Pass,,,,2014-11-25,56.03429,-2.833296
424260,Gardeners Arms,Pass,,,,2013-06-10,55.955784,-2.776017
424261,Garleton Lodge,Pass,,,,2014-12-04,55.968398,-2.807046
424262,Garvald Community Hall,Pass,,,,2013-10-08,55.928683,-2.66082
424263,Garvald Inn,Pass,,,,2015-02-10,55.928683,-2.66082
424264,Garvald Parish Church Hall,Pass,,,,2012-10-10,55.928683,-2.66082
424265,Gays Fish Shop,Pass,,,,2011-05-31,55.942184,-3.049666
424266,Gelateria Alanda's,Pass,,,,2014-08-19,56.058415,-2.717394
424267,Gifford Bowling & Social Club,Pass,,,,2014-12-12,55.90449,-2.751065
424268,Gifford Community Association,Pass,,,,2013-01-31,55.903226,-2.747714
424269,Gifford Golf Club,Pass,,,,2014-08-21,55.900204,-2.751126
424270,Gifford Playgroup,Pass,,,,2013-01-31,55.903226,-2.747714
424271,Glebe House,Pass,,,,2013-09-20,56.058259,-2.719575
424272,Glenkinchie Distillery & Visitor Centre,Pass,,,,2014-09-09,55.889996,-2.891277
424273,Goa Indian Cuisine,Pass,,,,2014-02-04,55.959893,-2.983335
424274,Goblin Ha' Hotel,Pass,,,,2014-01-14,55.903324,-2.746292
424275,Golden Chopsticks,Pass,,,,2014-12-02,55.945162,-3.058633
424276,Golden Grain,Pass,,,,2014-10-23,55.955182,-2.775989
424277,Golf Inn,Pass,,,,2014-05-20,56.035286,-2.83075
424278,Golf Lodge Bed & Breakfast,Pass,,,,2012-12-04,56.057359,-2.736483
424279,Golfers Rest,Pass,,,,2014-03-21,56.057979,-2.721256
424280,Gosford Bothy Farm Shop,Pass,,,,2013-04-02,55.997714,-2.875734
424281,Gosford House,Pass,,,,2014-11-06,55.997714,-2.875734
424282,Gourmet Full House,Pass,,,,2012-07-31,55.959893,-2.983335
424283,Gourmet Place,Pass,,,,2014-08-25,55.944321,-2.952551
424284,Grace Of India,Improvement Required,,,,2013-03-06,56.008366,-2.863562
424285,Graze,Pass,,,,2014-05-21,56.00067,-2.51391
424286,Green Craig,Pass,,,,2013-11-05,56.007447,-2.876756
424287,Greenfield Park Care Home,Pass,,,,2014-06-12,55.930866,-3.060756
424288,Greggs,Pass,,,,2014-03-06,55.959143,-2.984966
424289,Greggs,Pass,,,,2015-01-06,55.944321,-2.952551
424290,Greggs,Pass,,,,2013-08-20,56.058688,-2.718347
424291,Greggs Bakers,Pass,,,,2013-06-11,55.95557,-2.777198
424292,Greggs The Bakers,Pass,,,,2013-07-02,55.942512,-3.050107
424293,Greywalls Hotel And Chez Roux,Pass,,,,2014-01-30,56.041586,-2.82119
424294,Gullane Community Association,Pass,,,,2012-08-10,56.034724,-2.828844
424295,Gullane Day Centre,Pass,,,,2014-11-20,56.035124,-2.82683
424296,Gullane Golf Club,Pass,,,,2013-02-13,56.034059,-2.838138
424297,Gullane Golf Club Visitors Centre,Pass,,,,2014-01-06,56.033802,-2.83497
424298,Gullane Parish Church,Pass,,,,2011-12-23,56.033113,-2.829243
424299,Gullane Playgroup And After School Club,Pass,,,,2014-07-14,56.033113,-2.829243
424300,Gullane Primary School Nursery Class,Pass,,,,2014-07-01,56.034371,-2.825209
424301,Gullane Super Fry,Pass,,,,2013-11-05,56.033977,-2.834445
424302,Gurkha Bar And Restaurant,Pass,,,,2014-06-18,55.94371,-3.060322
424303,H D & L R Ramage,Pass,,,,2014-08-13,55.971408,-2.95876
424304,H D L Ramage,Pass,,,,2014-08-13,55.972083,-2.951663
424305,Haddington Bowling Club,Pass,,,,2010-09-21,55.954327,-2.783387
424306,Haddington Day Centre,Pass,,,,2014-08-21,55.955176,-2.774196
424307,Haddington Nursery Class,Pass,,,,2014-10-01,,
424308,Haddington Rugby Club,Pass,,,,2013-07-04,55.951652,-2.780178
424309,Haddington Villa,Pass,,,,2013-05-17,55.955643,-2.77712
424310,Haddington Wines & Whiskies,Pass,,,,2014-06-25,55.955587,-2.776013
424311,Halimah,Improvement Required,,,,2013-12-05,55.942769,-3.048465
424312,Hallhill Healthy Living Centre,Pass,,,,2013-07-09,55.975155,-2.526454
424313,Halls Newsagents,Pass,,,,2012-09-26,55.959143,-2.984966
424314,Harbour CafÃ©,Pass,,,,2014-01-15,55.944642,-3.065776
424315,Harbour Take Away,Pass,,,,2013-08-06,55.972398,-2.952696
424316,Harbour View Chinese Takeaway Limited,Pass,,,,2014-06-25,55.972083,-2.951663
424317,Harlawhill Day Centre,Pass,,,,2014-06-09,55.98348,-2.887268
424318,Hayweights Bar,Pass,,,,2011-07-27,55.943706,-3.058609
424319,Hel's Kitchen,Pass,,,,2013-09-10,55.945515,-2.891383
424320,Hel's Kitchen 2,Pass,,,,2014-08-16,55.998836,-2.732644
424321,Herdmanflatt Hospital (NHS Lothian),Pass,,,,2013-08-16,55.960263,-2.788088
424322,Heritage Portfolio Ltd,Pass,,,,2013-12-12,55.945787,-3.043262
424323,Hilary's Deli,Pass,,,,2013-07-18,55.955484,-2.779487
424324,Hillside Hotel,Improvement Required,,,,2014-06-03,56.000093,-2.512363
424325,Hilton Lodge Nursing Home Ltd,Pass,,,,2014-02-16,55.955913,-2.782667
424326,Hole In The Wa',Pass,,,,2011-02-15,55.944785,-3.062753
424327,Holland & Barrett,Pass,,,,2013-09-24,55.942138,-3.05181
424328,Hollies Day Centre,Pass,,,,2014-09-22,55.942453,-3.052859
424329,Hollytrees Nursing Home,Pass,,,,2014-04-15,55.995838,-2.536691
424330,Hope Rooms,Pass,,,,2012-07-30,56.059149,-2.719479
424331,Horseshoe Tavern,Pass,,,,2013-09-24,55.939713,-3.047486
424332,Humbie After School Club,Pass,,,,2010-06-29,56.0222930908,-2.68106341362
424333,Humbie Primary School Nursery Class,Pass,,,,2010-06-29,56.0222930908,-2.68106341362
424334,Humbie Village Shop,Pass,,,,2011-12-07,55.854059,-2.869496
424335,Humble Pie Food Ltd,Pass,,,,2013-01-29,56.031749,-2.737038
424336,"Ian Hawkins, Hot Food Trailer",Pass,,,,2014-12-12,,
424337,"Ian Smith, Hot Food Vehicle",Pass,,,,2013-08-02,,
424338,Iceland,Pass,,,,2011-02-09,55.942188,-3.068014
424339,Innerwick Outdoor Centre,Pass,,,,2011-01-10,55.957377,-2.448359
424340,Innerwick Primary School Nursery Class,Pass,,,,2012-10-03,55.958707,-2.448198
424341,Innerwick Village Hall,Pass,,,,2012-09-07,56.0222930908,-2.68106341362
424342,Inveresk Bowling Club,Pass,,,,2013-09-05,55.942425,-3.057181
424343,Ishaas News Plus,Improvement Required,,,,2014-12-08,55.943362,-3.048433
424344,J & C Seafood,Pass,,,,2013-11-04,55.972398,-2.952696
424345,J & C Seafood,Pass,,,,2013-12-18,55.955587,-2.776013
424346,J & C Seafood,Pass,,,,2013-11-04,,
424347,J & L Catering Operating At Cockenzie Power Station,Pass,,,,2009-02-10,55.962549,-2.975873
424348,Jade Garden,Pass,,,,2014-07-03,55.959893,-2.983335
424349,Jadini Garden Bed and Breakfast,Pass,,,,2007-09-11,56.036044,-2.834313
424350,James Dickson & Son,Pass,,,,2014-08-06,55.969773,-2.964471
424351,James Dickson & Son,Pass,,,,2014-08-06,55.969773,-2.964471
424352,James Dickson & Son,Pass,,,,2014-08-06,55.969773,-2.964471
424353,James Dickson & Son,Pass,,,,2014-08-06,55.969773,-2.964471
424354,James Dickson & Son,Improvement Required,,,,2014-08-06,55.969949,-2.96494
424355,Janet's ,Pass,,,,2011-03-23,55.943353,-2.951086
424356,Jaz's Fish Bar,Pass,,,,2014-08-15,55.943661,-3.047112
424357,Jennifer Green,Pass,,,,2006-06-30,55.946283,-2.815617
424358,Joe's Fish And Chips,Pass,,,,2014-02-12,55.943706,-2.950726
424359,John & Denise Reilly,Pass,,,,2012-05-11,,
424360,John Bellany Day Centre,Pass,,,,2014-06-26,55.972554,-2.949944
424361,John Bowman Anderson,Pass,,,,2012-08-13,,
424362,John Hastie & Son,Pass,,,,2011-05-09,55.952482,-2.978567
424363,JoLi,Pass,,,,2015-01-29,55.973901,-2.896026
424364,JP's Deli & Cafe,Pass,,,,2014-05-01,56.058385,-2.721007
424365,Juice Fiend,Pass,,,,2014-10-15,55.944077,-3.060444
424366,Julie Denholm Catering At Luffness New Golf Club,Pass,,,,2014-03-13,56.01791,-2.83466
424367,Karting Indoors Ltd,Pass,,,,2014-12-08,55.951962,-2.881971
424368,Kashmir Valley Restaurant,Pass,,,,2012-07-23,55.943353,-2.951086
424369,Keepers Arms,Pass,,,,2014-11-26,55.944805,-2.954964
424370,Kellagher Bed and Breakfast,Pass,,,,2009-08-13,56.037767,-2.822618
424371,Kesleys Bookshop,Pass,,,,2014-02-05,55.955933,-2.778134
424372,Kevin Watt Butchers,Pass,,,,2014-09-29,55.955182,-2.775989
424373,Keystore,Pass,,,,2013-04-08,56.03501,-2.831707
424374,Kilspindie Golf Club Ltd,Improvement Required,,,,2014-09-22,56.0222930908,-2.68106341362
424375,Kilspindie House Ltd,Pass,,,,2013-03-11,56.008805,-2.861278
424376,Kings Palace,Pass,,,,2014-04-04,56.003167,-2.51638
424377,Kitchen & Council Bars East Lothian Council,Pass,,,,2014-09-16,55.943899,-3.057157
424378,Kohi - Noor,Pass,,,,2013-10-16,55.94371,-3.060322
424379,Kopa's,Pass,,,,2013-08-14,55.943899,-2.952524
424380,L A Dance Centre,Pass,,,,2012-12-18,55.957459,-2.969579
424381,La Potiniere,Pass,,,,2015-01-29,56.034908,-2.830902
424382,Ladbrokes,Pass,,,,2011-07-06,55.955643,-2.77712
424383,Lammermuir House Care Home,Pass,,,,2014-05-07,55.999546,-2.509902
424384,Lanna Thai,Pass,,,,2014-01-13,55.943374,-3.057575
424385,Laprig Fruit,Pass,,,,2011-08-27,55.955168,-2.782571
424386,Law After School Club,Pass,,,,2014-09-10,56.051839,-2.720403
424387,Lennoxlove House Ltd,Pass,,,,2013-07-11,55.9393081665,-2.77861738205
424388,Lennoxlove House Ltd (CafÃ©),Pass,,,,2013-07-11,55.9393081665,-2.77861738205
424389,Letham Ltd,Pass,,,,2012-08-06,55.950448,-2.812069
424390,Leuchie House MS Holiday Respite Centre,Pass,,,,2014-02-25,56.040559,-2.688059
424391,Levenhall Arms,Improvement Required,,,,2013-09-18,55.944761,-3.02639
424392,Levenhall Newsagent,Pass,,,,2014-07-24,55.945181,-3.023375
424393,Levenhall Nursery School,Improvement Required,,,,2013-09-20,55.943441,-3.02413
424394,Levenhall Nursing Home,Pass,,,,2014-06-12,55.945488,-3.025417
424395,Lidl,Pass,,,,2010-11-23,55.962697,-2.97647
424396,Lidl,Pass,,,,2010-11-22,55.942188,-3.068014
424397,Lifestyle Express,Pass,,,,2013-09-20,55.959893,-2.983335
424398,Links Nursery,Pass,,,,2014-07-09,55.947617,-3.046866
424399,Links Road Garage,Pass,,,,2014-03-10,55.969416,-2.947976
424400,Linton Butcher,Pass,,,,2014-10-30,55.987218,-2.656192
424401,Linton Pharmacy,Pass,,,,2008-02-19,55.985546,-2.656388
424402,Linton Wines @ The Deli,Pass,,,,2014-01-16,55.987218,-2.656192
424403,Little Italy,Pass,,,,2015-02-12,55.94371,-3.060322
424404,Little Superstore,Pass,,,,2013-06-28,55.909906,-2.948011
424405,Lloyds Pharmacy,Pass,,,,2004-10-11,56.00067,-2.51391
424406,Lloyds Pharmacy,Pass,,,,2013-11-27,55.943899,-2.952524
424407,Loch Centre,Pass,,,,2014-01-21,55.942486,-2.951577
424408,Lockett Bros,Pass,,,,2005-09-07,56.057954,-2.722428
424409,Loco,Pass,,,,2015-01-12,56.052125,-2.714307
424410,Lodge Dunbar Castle No 75,Pass,,,,2013-11-20,56.001536,-2.523782
424411,Lodge Nisbet Social Club,Pass,,,,2014-12-12,55.941955,-2.948266
424412,Lodge St John (Fisherrow) No 112,Pass,,,,2013-06-04,55.947617,-3.046866
424413,Lodge Thorntree 1038,Pass,,,,2014-03-11,55.958571,-2.98793
424414,Londis Aberlady Mini Market,Pass,,,,2013-12-10,55.971332,-2.953471
424415,Longniddry After School Club,Pass,,,,2013-02-28,55.976046,-2.891525
424416,Longniddry Bowling Club,Pass,,,,2011-05-19,55.977025,-2.897701
424417,Longniddry British Legion,Pass,,,,2014-05-30,55.974622,-2.895786
424418,Longniddry Church Hall/Playgroup,Pass,,,,2013-09-09,55.975873,-2.896697
424419,Longniddry Community Centre,Pass,,,,2014-04-08,55.977025,-2.897701
424420,Longniddry Inn,Pass,,,,2013-12-06,55.974568,-2.894567
424421,Longniddry Pharmacy,Pass,,,,2011-10-25,55.97537,-2.896765
424422,Longniddry Primary School Nursery Class,Pass,,,,2014-11-26,,
424423,Longniddry Village Shop,Pass,,,,2013-08-28,55.976046,-2.891525
424424,Looks General Store,Pass,,,,2013-10-09,55.99936,-2.532635
424425,Loretto Primary School Nursery Class,Pass,,,,2013-03-08,55.942606,-3.047548
424426,Loretto School,Pass,,,,2013-10-29,55.945169,-3.044142
424427,Loretto School (Lower),Pass,,,,2013-12-03,55.944168,-3.055083
424428,Lothian Hotel,Pass,,,,2011-07-26,56.001623,-2.516023
424429,Lothian Mineworkers Convalescent Home (Whatton Lodge),Pass,,,,2014-07-24,56.035955,-2.840746
424430,Lothian Villa,Pass,,,,2013-10-18,55.94573,-3.024351
424431,"Lothian, Borders & Angus Co-op",Pass,,,,2010-12-13,55.942358,-2.947203
424432,"Lothian, Borders Angus Co-op Society Ltd.Pharmacy",Pass,,,,2013-06-04,55.943353,-2.951086
424433,Lotus Chinese Take Away,Improvement Required,,,,2014-03-06,55.944077,-3.060444
424434,Louise Cowley,Pass,,,,2012-04-15,55.998836,-2.732644
424435,Love Coffee and Food,Pass,,,,2014-01-28,55.903324,-2.746292
424436,Love Sweets & Ices,Pass,,,,2014-07-24,56.002823,-2.516953
424437,Lucky House,Pass,,,,2013-11-04,56.057954,-2.722428
424438,Mach Enterprises,Pass,,,,2014-08-12,55.946514,-2.96969
424439,Macmerry Bowling Club,Pass,,,,2014-07-31,55.940519,-2.907502
424440,Macmerry Miners Welfare,Pass,,,,2014-07-14,55.941439,-2.90818
424441,Macmerry Nursery,Pass,,,,2014-01-15,55.941663,-2.909466
424442,Madisons,Pass,,,,2014-04-08,55.942188,-3.068014
424443,Maitlandfield Country House Hotel,Pass,,,,2014-10-28,55.953868,-2.775018
424444,Mallard Hotel,Improvement Required,,,,2014-10-16,56.033113,-2.829243
424445,Mansfield Court Sheltered Housing,Pass,,,,2013-10-01,55.940525,-3.049253
424446,Marios Pizza & Kebab House,Pass,,,,2013-12-11,55.94371,-3.060322
424447,Market Street Pharmacy,Pass,,,,2011-10-17,55.955933,-2.778134
424448,Mary Poppins,Pass,,,,2014-02-06,55.986991,-2.748064
424449,Masonic Lodge No 57,Pass,,,,2014-12-03,55.955817,-2.775089
424450,Masons Arms,Pass,,,,2013-05-09,55.999059,-2.537714
424451,McColls,Pass,,,,2014-05-30,55.942138,-3.05181
424452,McColls,Pass,,,,2014-10-23,55.941367,-3.022794
424453,McKirdy Brothers Butchers,Pass,,,,2015-01-13,55.972083,-2.951663
424454,"McMillan Catering, Haddington Golf Club",Pass,,,,2013-04-03,55.954913,-2.764533
424455,Meadowhead Ltd,Pass,,,,2009-09-24,56.055807,-2.691028
424456,Meadowmill Sports Centre,Pass,,,,2014-05-23,55.956674,-2.956266
424457,Memory Lane,Pass,,,,2009-06-25,55.955933,-2.778134
424458,Mercat Bar & Grill,Pass,,,,2014-10-02,55.922197,-3.036211
424459,Mercat Gait Centre Cafe,Pass,,,,2014-04-02,55.955113,-2.976503
424460,Mercat Hotel,Pass,,,,2015-01-13,55.955601,-2.776622
424461,Merryhatton CafÃ©,Pass,,,,2014-03-28,56.003114,-2.732468
424462,Methodist Church (Dunbar),Pass,,,,2013-01-25,56.003831,-2.516469
424463,Mini Market,Pass,,,,2014-01-17,55.944426,-2.959806
424464,Miss A R Mitchell,Pass,,,,2014-01-29,55.945239,-3.034793
424465,Monarch Deer Farm,Pass,,,,2011-03-26,55.955168,-2.782571
424466,Monica's Ices,Pass,,,,2013-11-27,,
424467,Monktonhall Newsagent,Pass,,,,2014-07-24,55.936902,-3.063114
424468,Morham Community Hall,Pass,,,,2009-02-06,55.94125,-2.708342
424469,Moto Hospitality Ltd,Pass,,,,2012-05-14,56.0222930908,-2.68106341362
424470,Mr Crolla's Takeaway,Pass,,,,2014-12-15,55.943353,-2.951086
424471,Mr Softee Ltd,Pass,,,,2014-06-27,,
424472,Mr Softee Ltd,Pass,,,,2014-06-27,,
424473,Mr Softee Ltd,Pass,,,,2014-06-27,,
424474,Mrs B Robinson,Pass,,,,2011-05-25,55.945239,-3.034793
424475,Mrs Formans,Pass,,,,2014-04-15,55.944761,-3.02639
424476,Muirfield Nursing Home,Pass,,,,2015-01-26,56.034908,-2.830902
424477,Mums,Pass,,,,2014-10-31,55.956528,-2.956518
424478,Munchables,Pass,,,,2012-01-17,55.957459,-2.969579
424479,Murray Fruit Ltd,Pass,,,,2007-11-18,55.998836,-2.732644
424480,Musselburgh & Fisherrow Welfare Club,Pass,,,,2014-05-14,55.944204,-3.065572
424481,Musselburgh Athletic FC,Pass,,,,2014-01-13,55.943159,-3.064806
424482,Musselburgh Baptist Church,Pass,,,,2013-10-15,55.945162,-3.058633
424483,Musselburgh Bowling Club,Pass,,,,2014-06-10,55.939276,-3.053461
424484,Musselburgh Family Butchers,Pass,,,,2013-01-21,55.942769,-3.048465
424485,Musselburgh Golf Club,Pass,,,,2013-10-01,56.0222930908,-2.68106341362
424486,Musselburgh Miners Social Welfare,Pass,,,,2012-09-21,55.952375,-2.99642
424487,Musselburgh Municipal Bowling Club,Pass,,,,2014-06-27,55.931435,-3.043004
424488,Musselburgh Old Course Golf Club,Improvement Required,,,,2014-10-22,55.947617,-3.046866
424489,Musselburgh Private Nursery,Pass,,,,2014-11-05,55.943154,-3.056016
424490,Musselburgh Rugby Football Club,Pass,,,,2013-10-16,55.940854,-3.067401
424491,Musselburgh Sports Centre Cafeteria,Pass,,,,2015-02-03,55.939626,-3.048236
424492,Mutley's CrÃªpes ('The Silver Bullet'),Pass,,,,2015-02-04,55.998836,-2.732644
424493,N T Caterers,Pass,,,,2013-05-05,55.998836,-2.732644
424494,National Trust for Scotland,Pass,,,,2012-07-20,55.992104,-2.653101
424495,Natural Spice,Pass,,,,2014-03-06,55.957459,-2.969579
424496,Neptunes Larder,Pass,,,,2011-07-26,55.972398,-2.952696
424497,Nether Abbey Hotel,Pass,,,,2014-03-28,56.057896,-2.736911
424498,New Happy Palace,Pass,,,,2013-12-19,55.943706,-2.950726
424499,New Plough Inn,Pass,,,,2013-10-17,55.943899,-2.952524
424500,New Winton Community Hall,Pass,,,,2013-05-15,55.929701,-2.919493
424501,Newbigging Newsagents,Pass,,,,2014-05-07,55.939713,-3.047486
424502,Nice and Spicy,Pass,,,,2015-02-12,56.00067,-2.51391
424503,Nicholson's News,Pass,,,,2013-05-28,55.976617,-2.899454
424504,Nisa Local,Pass,,,,2013-10-16,56.058688,-2.718347
424505,North Berwick Bowling Club,Pass,,,,2013-06-20,56.055373,-2.721288
424506,North Berwick Community Centre,Pass,,,,2012-12-06,56.055561,-2.719991
424507,North Berwick Day Centre,Pass,,,,2014-07-24,56.057811,-2.720771
424508,North Berwick Fry,Pass,,,,2014-06-25,56.058415,-2.717394
424509,North Berwick Fry,Pass,,,,2014-06-25,56.058415,-2.717394
424510,North Berwick Golf Club Restaurant,Pass,,,,2011-10-04,56.058734,-2.727356
424511,North Berwick Ices Blue and White Pedal Trike,Pass,,,,2011-07-06,55.4765205383,-1.89406001568
424512,North Berwick Masonic Social Club,Pass,,,,2012-09-28,56.059342,-2.7186
424513,North Berwick Newsagent,Improvement Required,,,,2014-05-26,56.058688,-2.718347
424514,North Berwick Nursery School,Pass,,,,2014-08-27,56.055561,-2.719991
424515,North Berwick Rugby Club,Pass,,,,2014-04-04,56.054205,-2.708886
424516,North Lodge Bed and Breakfast,Pass,,,,2009-08-06,56.000232,-2.540696
424517,Northesk Church,Pass,,,,2013-02-19,55.943154,-3.056016
424518,Nungate Mini Market,Pass,,,,2014-01-03,55.954251,-2.769821
424519,Ocean Side East,Improvement Required,,,,2014-03-12,55.972083,-2.951663
424520,O'Donnell Ices,Pass,,,,2014-10-01,,
424521,O'Donnell Ices,Pass,,,,2014-10-01,,
424522,Old Parish Church Hall,Pass,,,,2013-01-25,55.97093,-2.962433
424523,Old Town Hall,Pass,,,,2008-02-26,55.943079,-3.049001
424524,Old Town Hall And  Links Lunch Club,Pass,,,,2013-01-18,55.958762,-2.985372
424525,Old Village Shop,Improvement Required,,,,2013-02-12,55.91149,-2.887403
424526,Olivebank Child And Family Centre,Pass,,,,2014-01-07,55.943159,-3.064806
424527,Open All Hours,Improvement Required,,,,2013-09-25,55.936902,-3.063114
424528,Open Arms Hotel,Pass,,,,2015-02-10,56.0222930908,-2.68106341362
424529,Oriental Inn,Pass,,,,2013-05-01,56.000558,-2.515015
424530,Ormiston Grows,Pass,,,,2014-04-11,55.913389,-2.937857
424531,Ormiston Honey Farm,Pass,,,,2012-02-27,55.912227,-2.940693
424532,Ormiston Post Office,Pass,,,,2015-02-12,55.913389,-2.937857
424533,Ormiston Primary School Nursery Class,Improvement Required,,,,2014-03-10,55.911177,-2.942779
424534,Ormiston Village Hall,Pass,,,,2008-11-14,55.913275,-2.943422
424535,Oscars After School Club,Pass,,,,2013-03-12,,
424536,Osteria,Pass,,,,2014-03-26,56.058176,-2.719831
424537,Our Lady Of Loretto Church Hall,Pass,,,,2013-06-12,55.942413,-3.048039
424538,Our Lady Star Of The Sea Church Hall,Pass,,,,2013-03-15,56.055561,-2.719991
424539,Oxfam,Pass,,,,2008-08-14,55.955182,-2.775989
424540,Oxfam,Exempt,,,,2010-08-31,56.058409,-2.718358
424541,P & H Marr,Pass,,,,2013-12-06,55.944622,-2.953118
424542,Pans Super Store,Pass,,,,2011-02-21,55.957459,-2.969579
424543,Paperview,Pass,,,,2013-10-08,55.944229,-3.058399
424544,Pathway Resource Centre,Pass,,,,2013-11-07,55.954566,-2.952274
424545,Paul Marshall & Charles Savin,Pass,,,,2013-06-07,,
424546,Paul's Fish Shop,Pass,,,,2009-05-28,55.955182,-2.775989
424547,Paul's Yard,Pass,,,,2014-08-19,56.058176,-2.719831
424548,Pear Tree Nursery,Pass,,,,2014-04-07,55.953657,-2.785648
424549,Pencaitland & Winton Bowling & Community Club,Pass,,,,2014-04-10,55.91149,-2.887403
424550,Pencaitland After School Club,Pass,,,,2012-11-20,55.910741,-2.889113
424551,Pencaitland Playgroup,Pass,,,,2014-09-17,55.91149,-2.887403
424552,Pencaitland Primary School Nursery Class,Pass,,,,2013-10-29,55.910741,-2.889113
424553,Pennypit Centre/Pitstop Cafe,Pass,,,,2014-04-08,55.957574,-2.988962
424554,Peter Potter Gallery,Pass,,,,2013-12-10,55.954571,-2.773223
424555,Peter Whitecross Quality Butchers,Pass,,,,2014-09-08,56.001623,-2.516023
424556,Phantassie Food,Pass,,,,2011-08-27,55.955168,-2.782571
424557,Pine Marten,Pass,,,,2014-11-18,55.989507,-2.510443
424558,Pinkertons Sweets,Pass,,,,2011-02-20,55.998836,-2.732644
424559,Pinkie Farm Convenience Store,Pass,,,,2014-06-19,,
424560,Pinkie Food Store,Pass,,,,2014-01-27,55.939401,-3.034461
424561,Pitt Stop Snack Bar Trailer,Pass,,,,2014-06-09,,
424562,Pizza Den,Pass,,,,2014-11-19,55.940519,-2.907502
424563,Playtime Playgroup,Improvement Required,,,,2010-12-15,55.946958,-2.953128
424564,Pollingtons,Pass,,,,2012-04-12,,
424565,Polson Park Bowling Association,Pass,,,,2014-06-05,55.945262,-2.960932
424566,Poonthais Restaurant,Pass,,,,2013-05-08,56.057921,-2.723455
424567,Poundland,Pass,,,,2013-09-23,55.942138,-3.05181
424568,Poundstretcher,Pass,,,,2012-05-02,56.058176,-2.719831
424569,Poundstretcher,Exempt,,,,2013-07-09,55.942138,-3.05181
424570,Prawn Wild Ltd,Pass,,,,2014-03-14,55.991074,-2.624774
424571,Premier Store,Pass,,,,2014-08-19,55.939203,-2.940386
424572,Preston Athletic Football Club,Pass,,,,2013-02-20,55.956449,-2.984705
424573,Preston Bay Takeaway,Pass,,,,2014-01-06,55.959893,-2.983335
424574,Preston Lodge Rugby Football Club,Pass,,,,2013-08-13,55.954021,-2.99949
424575,Prestongrange Church Hall,Pass,,,,2014-04-07,55.959547,-2.98158
424576,Prestongrange Museum,Pass,,,,2008-04-10,55.952047,-3.004643
424577,Prestonlinks Pharmacy,Pass,,,,2010-07-20,55.961376,-2.980954
424578,Prestonpans Community Centre,Pass,,,,2014-07-03,55.95822,-2.964264
424579,Prestonpans Labour Club,Improvement Required,,,,2014-08-28,55.960428,-2.980497
424580,Prestonpans Nursery Class,Pass,,,,2009-06-22,55.959547,-2.98158
424581,Prestonpans Royal British Legion,Pass,,,,2013-05-10,55.957574,-2.988962
424582,Primrose Day Centre,Pass,,,,2014-07-07,55.912621,-2.940878
424583,Prince Fast Food,Pass,,,,2011-09-06,55.957459,-2.969579
424584,Puffin Playgroup and 'Prestonpans After School Club,Pass,,,,2013-05-02,55.957574,-2.988962
424585,Pumpkin Patch Nursery,Pass,,,,2014-11-18,55.9991,-2.53866
424586,Pumpkin Patch Nursery,Pass,,,,2014-07-23,55.955176,-2.774196
424587,Pumpkin Patch Nursery,Pass,,,,2014-08-05,56.057458,-2.722756
424588,"PWC Scotland Ltd, Quality Food",Pass,,,,2014-11-06,55.94371,-3.060322
424589,Quality House Take Away,Pass,,,,2013-10-30,56.059017,-2.717405
424590,Queen Margaret University Student Union Bar,Pass,,,,2014-06-26,55.931316,-3.073077
424591,Quinnsters,Pass,,,,2014-04-14,,
424592,R & R,Pass,,,,2012-11-05,55.940519,-2.907502
424593,R B G Fruits,Pass,,,,2013-10-25,55.940519,-2.907502
424594,R B G Fruits (Market Stall),Pass,,,,2012-09-30,55.998836,-2.732644
424595,R S McColl,Pass,,,,2013-05-28,55.955574,-2.777951
424596,Railway Hotel,Pass,,,,2014-09-30,55.955913,-2.782667
424597,Railway Tavern,Pass,,,,2013-02-20,55.959143,-2.984966
424598,Rainbow Restaurant,Pass,,,,2014-11-25,55.942512,-3.050107
424599,Ramsays Quality Butcher,Pass,,,,2013-09-30,56.034188,-2.833695
424600,Ravelston House Hotel,Improvement Required,,,,2015-01-06,55.943784,-3.064167
424601,Rebecca Louise Cowley Trading As R & L Catering,Pass,,,,2013-11-03,55.998836,-2.732644
424602,Red Flame Dance,Pass,,,,2013-10-31,55.957394,-2.778708
424603,Red School Youth Centre,Pass,,,,2010-04-13,55.959547,-2.98158
424604,Redhouse Garden Centre,Pass,,,,2014-05-14,55.982713,-2.862493
424605,Reliance Custodial Services,Pass,,,,2011-10-21,55.954908,-2.781093
424606,Richmond Cottage Bed and Breakfast,Pass,,,,2013-06-19,56.053175,-2.716125
424607,Right Medicine Pharmacy,Exempt,,,,2012-03-12,55.955182,-2.775989
424608,Riverside Tavern,Pass,,,,2014-06-24,55.940882,-3.055874
424609,RNLI ,Pass,,,,2011-10-25,56.059928,-2.716764
424610,RNLI Lifeboat Station Souvenir Shop,Pass,,,,2013-04-16,56.004817,-2.514831
424611,"Robert Smith Hill, Hot Food Trailer",Pass,,,,2013-04-11,,
424612,Roodlands Hospital,Pass,,,,2015-01-13,55.957106,-2.796993
424613,Rosebank Guest House,Pass,,,,2011-10-11,55.942358,-2.947203
424614,Rosedene,Pass,,,,2012-06-20,56.001041,-2.521964
424615,Rosehall Stores,Pass,,,,2013-02-15,55.952362,-2.792764
424616,Ross Dougal Fish Merchant,Pass,,,,2012-02-01,56.001623,-2.516023
424617,Ross Dougal Fishmongers Vehicle,Pass,,,,2014-06-10,55.872185,-2.089614
424618,Ross High Rugby Football Club,Pass,,,,2013-09-10,55.941352,-2.951869
424619,Ross Turner Catering,Pass,,,,2014-11-11,56.012624,-2.872623
424620,Royal Mackintosh Hotel,Pass,,,,2014-02-04,56.000077,-2.514046
424621,S Luca,Pass,,,,2014-01-03,55.943108,-3.046569
424622,S Luca,Pass,,,,2014-01-03,55.943108,-3.046569
424623,S Luca,Pass,,,,2014-01-03,55.943108,-3.046569
424624,S Luca,Pass,,,,2014-01-03,55.943108,-3.046569
424625,S Luca,Pass,,,,2014-01-03,55.943108,-3.046569
424626,S Luca Of Musselburgh Ltd,Pass,,,,2014-01-03,55.943108,-3.046569
424627,S W S Chinese Take Away,Pass,,,,2013-12-11,55.958571,-2.98793
424628,Saddlers,Improvement Required,,,,2013-05-28,56.002373,-2.517011
424629,Saison CafÃ© & Restaurant,Pass,,,,2014-11-19,55.947617,-3.046866
424630,Salvation Army,Pass,,,,2013-10-11,55.945033,-2.953449
424631,Sam's Ices,Pass,,,,2014-02-25,,
424632,Sancta Maria Abbey Guest House,Pass,,,,2013-03-21,56.0222930908,-2.68106341362
424633,Sandersons Wynd Early Learning Centre,Improvement Required,,,,2013-11-27,55.946958,-2.953128
424634,Schiehallion,Pass,,,,2012-10-03,55.945533,-2.959546
424635,Scotcan Catering,Pass,,,,2013-11-13,55.997719,-2.499714
424636,Scotmid,Pass,,,,2011-01-25,55.955014,-2.987856
424637,Scotmid,Pass,,,,2015-02-05,55.957459,-2.969579
424638,Scotmid Co-op,Pass,,,,2012-12-18,55.958571,-2.98793
424639,Scots' Cheer Ltd,Pass,,,,2010-12-18,55.955168,-2.782571
424640,Scottish Co-operative,Pass,,,,2014-02-10,55.903698,-2.743996
424641,Scottish Co-operative,Pass,,,,2013-11-28,55.912987,-2.937624
424642,Scottish Co-operative,Pass,,,,2014-11-21,55.975873,-2.896697
424643,Scottish Co-operative,Pass,,,,2015-01-06,55.956845,-2.788643
424644,Scottish Co-operative,Pass,,,,2014-02-18,55.972083,-2.951663
424645,Scottish Co-operative,Pass,,,,2014-03-27,55.988162,-2.657811
424646,Scottish Co-operative,Pass,,,,2013-12-10,55.937453,-2.952974
424647,Scottish Co-operative,Pass,,,,2013-01-28,55.999899,-2.519864
424648,Scottish Seabird Centre,Pass,,,,2015-02-03,56.0222930908,-2.68106341362
424649,Scottish Society For Autism,Pass,,,,2011-08-03,55.947639,-3.053704
424650,Scripture Union Scotland,Pass,,,,2010-07-28,56.048157,-2.63321
424651,Seaholm Bed and Breakfast,Pass,,,,2013-06-19,56.058502,-2.713221
424652,Seahorse Nursery,Pass,,,,2014-08-19,55.968808,-2.96496
424653,Semi Chem,Pass,,,,2010-08-23,55.955199,-2.777639
424654,Semi Chem,Pass,,,,2014-06-23,56.058489,-2.720093
424655,Semi-Chem,Pass,,,,2005-08-15,55.942138,-3.05181
424656,Seton East Farm Shop,Pass,,,,2013-11-12,55.963742,-2.933244
424657,Seton Sands Holiday Park/Oasis Cafe Bar,Pass,,,,2014-05-14,55.972097,-2.929856
424658,Seton Sands Supermarket,Pass,,,,2013-04-12,55.972097,-2.929856
424659,Shads Newsagent,Pass,,,,2012-11-05,55.955014,-2.987856
424660,Shapla Tandoori,Pass,,,,2013-08-14,56.002823,-2.516953
424661,Shell Musselburgh Service Station,Pass,,,,2012-12-12,55.94427,-3.067191
424662,Ship Inn,Pass,,,,2014-05-29,55.943784,-3.064167
424663,Ship Inn,Pass,,,,2013-10-21,56.058415,-2.717394
424664,Shish Mahal,Pass,,,,2014-11-14,55.943079,-3.049001
424665,Signals Bistro Ltd,Pass,,,,2014-07-23,56.05893,-2.71689
424666,Simply Ices,Pass,,,,2014-06-11,55.96839,-2.966664
424667,Simply Ices,Pass,,,,2014-06-11,55.96839,-2.966664
424668,Singh Grocers Shop,Pass,,,,2013-11-22,55.960184,-2.772181
424669,Sizzlers,Pass,,,,2013-10-03,55.945535,-3.063286
424670,Small World Aid,Pass,,,,2010-10-21,55.958755,-2.984059
424671,Smeaton Nursery  & Gardens (Tearoom),Pass,,,,2014-08-25,56.003899,-2.646773
424672,Snak  Shack,Pass,,,,2013-10-03,55.943899,-2.952524
424673,Softy Joes,Pass,,,,2010-09-12,55.998836,-2.732644
424674,Softy Joes Ices,Pass,,,,2012-02-26,55.998836,-2.732644
424675,Spar,Pass,,,,2014-05-20,55.910329,-2.896383
424676,Spark of Genius,Pass,,,,2015-01-23,55.94083,-3.062917
424677,Splatz,Pass,,,,2014-02-05,56.000835,-2.515387
424678,Spott Village Hall,Pass,,,,2014-06-03,56.0222930908,-2.68106341362
424679,Springfield Guest House,Pass,,,,2014-06-27,56.000782,-2.531901
424680,St Andrew Blackadder Church,Pass,,,,2010-11-26,56.057811,-2.720771
424681,St Andrews Bed And Breakfast,Pass,,,,2012-05-18,55.942911,-2.944287
424682,St Andrews High Church,Pass,,,,2014-08-14,55.943491,-3.050197
424683,St Anne's Care Home,Pass,,,,2014-08-05,55.944597,-3.035208
424684,St Baldred's Episcopal Church,Pass,,,,2013-02-05,56.05844,-2.731574
424685,St Clements Church & Hall,Pass,,,,2012-05-24,55.938575,-3.013852
424686,St Gabriels Church Hall,Pass,,,,2015-01-08,55.95551,-2.980853
424687,St Gabriels Primary School Nursery Class,Improvement Required,,,,2014-05-21,55.95513,-2.983454
424688,St Germains Bed and Breakfast,Pass,,,,2012-09-18,55.962188,-2.912815
424689,St Johns Church,Improvement Required,,,,2013-10-21,55.919558,-3.040221
424690,St Martins Church Hall,Pass,,,,2008-12-04,55.943287,-2.947882
424691,St Martins Nursery Class,Pass,,,,2014-10-01,55.943287,-2.947882
424692,St Mary's Collegiate Church,Pass,,,,2011-05-12,56.0222930908,-2.68106341362
424693,St Mary's Nursery Class,Pass,,,,2014-10-01,55.952757,-2.781578
424694,St Michaels Church Halls,Pass,,,,2013-02-04,55.94121,-3.053242
424695,Starfish Recovery Cafe,Pass,,,,2015-01-14,55.943153,-3.056016
424696,Steampunk @ The Museum,Pass,,,,2013-09-12,56.058753,-2.714976
424697,Steampunk @ The Warehouse,Pass,,,,2014-02-27,56.058208,-2.717455
424698,Steampunk Coffee,Pass,,,,2013-03-27,56.0587,-2.719455
424699,Stefi Hook,Pass,,,,2011-04-18,55.990969,-2.799934
424700,Stella's,Pass,,,,2014-08-04,56.005118,-2.515925
424701,Stenton Bowling Club,Pass,,,,2008-05-23,55.959577,-2.607881
424702,Stenton Village Hall,Pass,,,,2008-02-08,56.0222930908,-2.68106341362
424703,Stichill Jerseys,Pass,,,,2011-08-27,55.955168,-2.782571
424704,Stoneyhill After School Club,Pass,,,,2012-04-24,55.937659,-3.072196
424705,Stoneyhill Community Centre,Pass,,,,2014-05-23,55.940854,-3.067401
424706,Stoneyhill Nursery School,Pass,,,,2014-07-01,55.937659,-3.072196
424707,Store Twenty One,Pass,,,,2011-11-01,55.942453,-3.052859
424708,Strathearn Nursery,Pass,,,,2011-03-02,55.995006,-2.55207
424709,Subway,Pass,,,,2014-07-24,55.942506,-3.051868
424710,Subway,Pass,,,,2014-05-20,55.955182,-2.775989
424711,Sue Ryder Shop,Pass,,,,2011-06-28,56.001555,-2.515108
424712,Sugar Mountain,Pass,,,,2014-05-07,56.058489,-2.720093
424713,Sung Sing Restaurant,Pass,,,,2014-06-05,55.955182,-2.775989
424714,Superdrug Stores Plc,Pass,,,,2011-07-01,55.931435,-3.043004
424715,Superfry @ Longniddry,Pass,,,,2014-05-12,55.97537,-2.896765
424716,Sweet Delights,Pass,,,,2014-09-29,55.913389,-2.937937
424717,Sweet News,Pass,,,,2008-02-25,56.057954,-2.722428
424718,Sweet Traditions,Improvement Required,,,,2013-07-19,55.943079,-3.049001
424719,T & J B Thomson,Pass,,,,2014-03-14,55.972398,-2.952696
424720,Tailford Meats Partnership,Improvement Required,,,,2012-09-30,55.998836,-2.732644
424721,Tantallon Golf Club,Pass,,,,2014-06-05,56.058379,-2.726627
424722,Tesco,Pass,,,,2009-11-02,55.940882,-3.055874
424723,Tesco,Pass,,,,2013-12-13,56.053387,-2.702754
424724,Tesco,Pass,,,,2014-03-21,55.94083,-3.062917
424725,Tesco,Pass,,,,2014-07-29,55.957121,-2.777726
424726,The Baguette Bar,Pass,,,,2014-01-30,56.058385,-2.721007
424727,The Bake House,Pass,,,,2012-11-27,55.987218,-2.656192
424728,The Bakers,Pass,,,,2013-02-13,55.944321,-2.952551
424729,"The Beacon, St Andrews Blackadder Church Hall",Pass,,,,2014-07-24,56.057458,-2.722756
424730,The Best Turkish Kebab,Pass,,,,2014-03-18,56.002823,-2.516953
424731,The Bistro,Pass,,,,2015-01-27,55.945787,-3.043262
424732,The Brig Inn,Pass,,,,2015-01-14,55.944776,-2.957525
424733,The Burgh,Pass,,,,2014-12-11,55.942862,-3.050212
424734,The Buttercup Cafe,Pass,,,,2013-07-10,56.058385,-2.721007
424735,The Caravan Club Yellowcraig,Exempt,,,,2013-11-05,56.058286,-2.778718
424736,The Castle Inn,Pass,,,,2014-02-19,56.048645,-2.783035
424737,The Chocolate Tree,Pass,,,,2011-08-27,55.955168,-2.782571
424738,The Coffee Pot,Pass,,,,2014-06-04,55.955182,-2.775989
424739,The Co-operative Group,Pass,,,,2014-05-12,56.002823,-2.516953
424740,The Co-operative Group,Pass,,,,2014-07-10,55.942358,-2.947203
424741,The Co-operative Group,Pass,,,,2012-06-18,56.033977,-2.834445
424742,The Co-operative Group,Pass,,,,2014-09-02,56.00067,-2.51391
424743,The Co-operative Group,Pass,,,,2014-08-19,55.937842,-3.074842
424744,The Co-operative Group,Pass,,,,2013-01-15,55.961376,-2.980954
424745,The Co-operative Pharmacy,Pass,,,,2014-12-16,55.958571,-2.98793
424746,The Coral Reef,Pass,,,,2014-05-02,55.944077,-3.060444
424747,The County Hotel,Improvement Required,,,,2014-06-30,56.058409,-2.718358
424748,The Creel Restaurant,Pass,,,,2011-06-17,56.004029,-2.514131
424749,The Crown and Kitchen,Pass,,,,2015-02-11,55.985546,-2.656388
424750,The Crunchy Carrot,Pass,,,,2013-10-23,56.001555,-2.515108
424751,The Dasher,Pass,,,,2014-01-13,55.957459,-2.969579
424752,The Deli @ East Linton,Pass,,,,2014-08-12,55.987218,-2.656192
424753,The Doll Museum,Pass,,,,2009-12-10,55.941897,-3.053725
424754,The Evans Trust,Pass,,,,2013-08-20,56.057924,-2.663944
424755,The Farmhouse Bed and Breakfast,Pass,,,,2013-01-28,55.911303,-2.795173
424756,The Filling Station,Pass,,,,2014-10-23,55.958343,-2.987204
424757,The Filling Station,Pass,,,,2014-01-06,55.976046,-2.891525
424758,The Folly Hotel,Pass,,,,2014-07-24,56.058305,-2.728537
424759,The Food Hamper,Pass,,,,2014-03-10,56.002823,-2.516953
424760,The Garden Path Cafe,Pass,,,,2012-10-22,56.00362,-2.519657
424761,The Glen Golf Club,Pass,,,,2014-08-06,56.057273,-2.705105
424762,The Golf Tavern Limited,Pass,,,,2013-10-14,55.955075,-2.770238
424763,The Gothenburg,Pass,,,,2014-12-16,55.957259,-2.991276
424764,The Grange,Pass,,,,2014-05-23,56.058409,-2.718358
424765,The Haddington Bridge Centre Ltd / St Mary's Playgroup,Pass,,,,2013-11-12,55.951807,-2.774144
424766,The Happy Baby Shop,Pass,,,,2010-11-17,55.943353,-2.951086
424767,The Happy House,Pass,,,,2013-07-22,55.936902,-3.063114
424768,The Honest Toun Nursery,Pass,,,,2014-05-21,55.936594,-3.06341
424769,The Honourable Company Of Edinburgh Golfers,Pass,,,,2013-12-17,56.041586,-2.82119
424770,The Hopetoun,Pass,,,,2014-01-15,55.912843,-2.941124
424771,The Howdah Tea And Coffee Co Ltd,Pass,,,,2012-06-21,56.058688,-2.718347
424772,The Howff,Pass,,,,2014-07-03,55.972083,-2.951663
424773,The Hub,Pass,,,,2013-09-26,55.943353,-2.951086
424774,The Linton,Pass,,,,2014-04-01,55.985429,-2.654671
424775,The Lobster Shack,Pass,,,,2013-07-26,,
424776,The Lynton Centre,Pass,,,,2014-04-16,55.987969,-2.656958
424777,The Marine Hotel,Pass,,,,2015-02-04,56.059412,-2.737261
424778,The Old Clubhouse,Pass,,,,2013-06-27,56.033113,-2.829243
424779,The Original Factory Shop,Pass,,,,2012-07-05,55.999899,-2.519864
424780,The Original Factory Shop,Pass,,,,2012-10-15,55.94259,-2.942806
424781,The Pantry,Pass,,,,2013-12-19,55.955574,-2.777951
424782,The Plough Tavern,Pass,,,,2015-02-11,55.955229,-2.779978
424783,The Quarterdeck,Pass,,,,2012-06-29,56.057921,-2.723455
424784,The Quay,Pass,,,,2013-08-12,55.944949,-3.069739
424785,The Renaissance Club,Pass,,,,2012-09-26,56.051237,-2.812806
424786,The Ridge Cafe,Pass,,,,2015-01-20,55.999899,-2.519864
424787,The Rigg Service Station/Belhaven Bikes,Pass,,,,2014-06-30,56.001536,-2.523782
424788,The Rocketeer Restaurant,Pass,,,,2014-06-20,56.060146,-2.717892
424789,The Rocks Restaurant & Rooms,Pass,,,,2014-02-19,56.004798,-2.525751
424790,The Rossborough Hotel,Pass,,,,2012-05-11,55.997813,-2.507379
424791,The Salvation Army Hall,Pass,,,,2013-10-11,55.959844,-2.982725
424792,The Scottish Executive Scottish Fire Services Training College,Pass,,,,2014-06-20,56.037255,-2.822526
424793,The Sportsman Bar,Improvement Required,,,,2014-02-10,55.942769,-3.048465
424794,The Stables CafÃ©,Pass,,,,2013-04-15,55.940205,-3.081055
424795,"The Stables, Prestonkirk Church Hall",Pass,,,,2014-02-19,55.992104,-2.653101
424796,The Store At Belhaven Fruit Farm,Pass,,,,2014-12-10,55.989886,-2.56769
424797,The Sweetie Jar,Pass,,,,2006-10-20,55.955933,-2.778134
424798,The Tartan Frog,Pass,,,,2012-03-29,55.945192,-2.914657
424799,The Tea Room,Pass,,,,2014-01-17,55.942358,-2.947203
424800,The Thaiphoon,Pass,,,,2014-04-16,55.944575,-3.060026
424801,The Trinity Centre,Pass,,,,2013-04-22,55.955176,-2.774196
424802,The Uprising East Lothian,Improvement Required,,,,2014-10-15,56.053387,-2.702754
424803,The Village Coffee Shop,Pass,,,,2014-03-13,56.033977,-2.834445
424804,The Village Shoppe,Pass,,,,2014-06-04,55.941854,-2.907998
424805,The Volunteer Arms,Pass,,,,2014-03-10,56.004359,-2.514921
424806,The Waterloo Bistro,Pass,,,,2013-07-30,55.951807,-2.774144
424807,The Wee Shop,Pass,,,,2013-05-03,55.942911,-2.944287
424808,The Wee Shop,Pass,,,,2013-11-07,55.940286,-2.947953
424809,The Westgate Gallery,Pass,,,,2014-05-02,56.057753,-2.726101
424810,The Wing Bed And Breakfast,Pass,,,,2013-09-17,56.057881,-2.710367
424811,This Little Farmer Went To Market,Pass,,,,2011-08-27,55.955168,-2.782571
424812,Thisselcockrig/Muriels Kitchen,Pass,,,,2011-08-27,55.955168,-2.782571
424813,Thorntree Inn,Pass,,,,2011-01-13,55.971408,-2.95876
424814,Tiffany's Tearoom,Pass,,,,2014-01-08,56.058409,-2.718358
424815,Tiger Coast Restaurant,Pass,,,,2015-01-14,56.058385,-2.721007
424816,Tiger In,Pass,,,,2014-01-07,55.939569,-3.012037
424817,Tiger Inn,Pass,,,,2013-12-03,55.97093,-2.962433
424818,Tolbooth Cafe Restaurant,Pass,,,,2014-02-25,55.943079,-3.049001
424819,Tower Inn,Pass,,,,2006-08-16,55.946979,-2.955034
424820,Town House,Pass,,,,2011-05-04,55.955643,-2.77712
424821,Town House Fish Bar,Pass,,,,2013-10-29,55.956081,-2.776023
424822,Tranent Care Home - HC-One,Pass,,,,2014-12-03,55.945631,-2.956282
424823,Tranent Day Care Centre,Pass,,,,2014-03-14,55.945252,-2.954095
424824,Tranent Papershop,Pass,,,,2013-11-15,55.944321,-2.952551
424825,Tranent Parish Church Hall,Pass,,,,2007-09-06,55.946979,-2.955034
424826,Tranent Post Office And Spar Shop,Pass,,,,2013-08-05,55.943899,-2.952524
424827,Tranent Primary After School Breakfast Club,Pass,,,,2014-01-14,55.946958,-2.953128
424828,Tranent Town Hall,Pass,,,,2013-10-22,55.945799,-2.95422
424829,Tranent Villa,Improvement Required,,,,2014-05-05,55.945159,-2.954509
424830,Traprain Cottage Bed and Breakfast,Pass,,,,2012-07-24,55.954069,-2.678516
424831,Travelodge Hotels Ltd,Pass,,,,2008-05-21,55.926288,-3.061303
424832,Trevelyan Hall (Pencaitland Lunch Club & Youth Club),Pass,,,,2013-04-03,55.910329,-2.896383
424833,Turkish Kebab House,Pass,,,,2013-04-12,56.057954,-2.722428
424834,Turkish Kebab House,Pass,,,,2013-10-21,55.944805,-2.954964
424835,Tweeddale Arms Hotel,Pass,,,,2013-10-25,55.902161,-2.745582
424836,Tweeddale Trout Fishery,Pass,,,,2014-01-17,55.895025,-2.68241
424837,Tynebank Adult Training Centre,Pass,,,,2015-01-30,55.954251,-2.769821
424838,Tyneholm Stables Nursing Home,Pass,,,,2014-03-10,55.907958,-2.892505
424839,Tyneside Tavern,Pass,,,,2013-07-16,55.951807,-2.774144
424840,Tyninghame Country Store,Pass,,,,2013-04-19,56.003244,-2.627408
424841,Tyninghame Village Hall,Pass,,,,2015-01-15,56.0222930908,-2.68106341362
424842,Umbertos,Pass,,,,2014-03-25,56.003167,-2.51638
424843,Verdant Leisure Limited,Pass,,,,2013-07-30,55.959634,-2.462239
424844,Verdant Leisure Limited  Thurston Manor Holiday Home Park,Pass,,,,2013-07-30,55.959634,-2.462239
424845,Viewforth Gospel Hall,Pass,,,,2013-06-18,55.972036,-2.954273
424846,Village Hall/Macmerry Lunch Club,Pass,,,,2014-07-25,55.940519,-2.907502
424847,Villeneuve Wines Ltd,Pass,,,,2009-06-12,55.955587,-2.776013
424848,Visualise Scotland,Pass,,,,2014-10-29,55.941586,-3.065884
424849,Volunteer Arms (Staggs),Pass,,,,2009-07-24,55.944229,-3.058399
424850,Votadini,Pass,,,,2013-11-28,55.98702,-2.656381
424851,Wallyford After School Club,Pass,,,,2012-12-06,55.938098,-3.012847
424852,Wallyford Community Centre,Pass,,,,2013-08-06,55.937149,-3.011317
424853,Wallyford Miners Welfare Society & Social Club,Pass,,,,2014-02-11,55.93919,-3.01342
424854,Wallyford Nursery (at Primary School),Improvement Required,,,,2013-11-27,55.938098,-3.012847
424855,Wallyford Pharmacy,Pass,,,,2013-08-06,55.937093,-3.014886
424856,Waterside Bistro,Pass,,,,2013-09-06,55.954685,-2.770839
424857,Wee Scones Nursery,Pass,,,,2014-04-15,55.942911,-2.944287
424858,Wemyss Hotel,Pass,,,,2014-03-27,55.972083,-2.951663
424859,West Barns Bowling Club,Pass,,,,2013-06-25,55.995246,-2.550791
424860,West Barns Community Hall/ West Barns Playgroup,Pass,,,,2008-12-08,55.994572,-2.552785
424861,West Barns Inn,Pass,,,,2014-04-23,55.995121,-2.554605
424862,West Barns Primary School Nursery Class,Pass,,,,2014-02-17,55.994474,-2.548616
424863,West Barns Shop,Pass,,,,2008-09-10,55.99435,-2.550121
424864,West Parish Kirk & Hall,Pass,,,,2011-05-30,55.955913,-2.782667
424865,Whispers,Pass,,,,2013-07-30,55.943353,-2.951086
424866,White Eagle Musselburgh,Pass,,,,2014-02-19,55.944077,-3.060444
424867,Whitecraig And Wallyford Lunch Club/Centre Management,Pass,,,,2014-01-10,55.919637,-3.038239
424868,Whitecraig General Store,Pass,,,,2014-11-14,55.919558,-3.040221
424869,Whitecraig Post Office & General Store,Pass,,,,2010-12-10,55.919999,-3.035849
424870,Whitecraig Primary School Nursery Class,Pass,,,,2014-10-27,55.919637,-3.038239
424871,Whitekirk Golf & Country Club,Pass,,,,2014-01-22,56.037301,-2.640543
424872,Why Not?,Pass,,,,2014-11-18,56.057979,-2.721256
424873,Wilson's,Improvement Required,,,,2014-07-09,55.955601,-2.776622
424874,Wilsons Fresh Farm Produce,Pass,,,,2012-08-01,55.942862,-3.050212
424875,Windsor Park Bed And Breakfast,Pass,,,,2008-01-24,55.943946,-3.032533
424876,Windygoul Primary School Nursery,Pass,,,,2014-09-22,55.937453,-2.952974
424877,Winterfield Golf And Sports Club,Pass,,,,2014-03-12,56.003819,-2.538101
424878,Winton Arms,Pass,,,,2013-11-07,55.91149,-2.887403
424879,Winton House Events,Pass,,,,2013-09-11,55.916874,-2.898358
424880,Wiremill Social Club,Improvement Required,,,,2014-08-29,55.94565,-3.045724
424881,Woodlea Byre Bed And Breakfast,Pass,,,,2009-05-14,56.0222930908,-2.68106341362
424882,Woodside Bed And Breakfast,Pass,,,,2006-06-21,55.998959,-2.54209
424883,WRVS Tea Bar,Pass,,,,2011-12-06,55.957106,-2.796993
424884,Yaadgar Indian Takeaway,Pass,,,,2015-01-08,55.936902,-3.063114
424885,Yester After School Club,Pass,,,,2011-06-28,55.902067,-2.740174
424886,Yester Primary School Nursery Class,Pass,,,,2014-11-04,55.902067,-2.740174
424887,Z & S Choudhry,Pass,,,,2012-04-16,55.972083,-2.951663
424888,Zanzibar Cafe,Pass,,,,2014-12-09,56.058176,-2.719831
424889,Zittos,Pass,,,,2013-10-29,56.05893,-2.71689
